ho|cqt|алалы|это вы? это мы|dfs|ваав ыав аври|ru
prod1|pro|???????|propro|???????????|ru|??????? ??? ??????? ?????????
vop|cat|???|???|par|??????? ?????|ru
wel|cat|catdesc|Войти:|par|pardesc|ru
wlloglab|main|main|email:|main|main|ru
wpalab|main|main|пароль:|main|main|ru
wlosub|main|main|войти|main|main|ru
relab|main|main|Зарегистрируйтесь:|main|main|ru
wnamlab|main|main|введите email:*|main|main|ru
wregpaslab|main|main|введите пароль:*|||ru
wsepaslab|main|main|повторно пароль:*|main|main|ru
wnilab|||имя:*|||ru
wnis|||зарегистрироваться|||ru
wesub|||послать|||ru
congrat|||Поздравляем!Вы успешно зарегистрировались на сайте BECHUM.COM. Для активации Вашей учетной записи пройдите по ссылке:|||ru
cabilab|||личный кабинет:|||ru
edilay|||редактировать|||ru
edilink|||редактировать|||ru
contmailp|||email:|||ru
mailp|||email: |||ru
contuselab|||псевдоним: |||ru
2mailvi|||2-й email: |||ru
email2|||2-ой email:|||ru
first|||имя:|||ru
surname|||фамилия:|||ru
country|||страна:|||ru
city|||город:|||ru
phone|||телефон:|||ru
last|||фамилия:|||ru
adbut|||сохранить|||ru
clot|||закрыть|||ru
statlab|||сохранение завершено. статус:|||ru
dunm|||.|||ru
butt|||назад|||ru
mybd|||День Рождения|||ru
limg|||загр. фото|||ru
lobat|||добавить фото|||ru
forlab|||файл|||ru
belab|||имя:|||ru
bebut|||загрузить|||ru
clol|||X|||ru
dediv|||раз в году|||ru
dedi|||раз в году|||ru
m|live||/corefx/start/main?scope=live|||
congrat|||Поздравляем!Вы успешно зарегистрировались на сайте BECHUM.COM. Для активации Вашей учетной записи пройдите по ссылке:|||ru
id|cat|cat_pres|descr|parent|par_desc|lan
c1|||Дом Жилой, угловой. Тип С1|||ru
